0-14-028312-9, 
978-81-8495-035-9, 
978-0-312-57048-4, 
81-265-1007-2, 
978-1-78087-040-3, 
978-81-7223-847-6, 
978-0-00-654751-8, 
978-0-099-58211-3, 
0-330-39165-8, 
0-553-84007-x, 
978-0-15-101304-3, 
978-1-4165-1155-7, 
0-00-654489-4, 
0-446-67746-9, 
0-451-18784-9, 
0-140-28776-0, 
1-4000-5268-8, 
81-203-1266-x, 
978-0-06-119540-2, 
978-81-241-1638-8, 
978-81-85986-09-8, 
978-1-4165-0249-4, 
978-0-14-013779-8, 
978-1-47111-169-3, 
978-0-465-00938-1, 
0-7432-6087-2, 
978-014306568-5, 
1-86197-659-3, 
0-14-303237-2, 
0-141-01211-0, 
978-81-203-5197-4, 
0-713-99878-4,
978-1-4221-4387-2, 
0-201-73397-8, 
1-4195-0274-3, 
0-380-01000-3, 
978-1-90-521124-1, 
0-87975-671-3, 
,978-81-8404-533-8,
,978-0-07-060586-2,
978-81-7758-680-0, 
81-7808-135-0, 
81-7808-169-5, 
0-534-26622-3, 
978-1-4087-0374-8, 
0-07-114603-2, 
9971-51-428-1, 
981-235-981-8,
















,
